{"version":2,"languages":{"bun":{"specfileHash":"32991b75897b14c8d4497db3c914be2b","lockfileHash":"932c1296cce123aa682ae00c18ba1262","guessedImports":["@replit/vite-plugin-shadcn-theme-json","tailwindcss","@tailwindcss/typography","vite","@vitejs/plugin-react","@replit/vite-plugin-runtime-error-modal","drizzle-kit","tailwindcss-animate"],"guessedImportsHash":"36ddde7162d77428665ff0a9fbe22ced"},"nodejs-npm":{"specfileHash":"ac226d5b387fd1f5c172a2297e554762","lockfileHash":"d12de8b8a620dc34139bca4bff96cd7e","guessedImports":["tailwindcss-animate","@tailwindcss/typography","vite","@vitejs/plugin-react","@replit/vite-plugin-runtime-error-modal","tailwindcss","drizzle-kit","@replit/vite-plugin-shadcn-theme-json"],"guessedImportsHash":"40dd6e4c498196bd88aad8d0e43e465e"}}}
